trade_ref,instrument_id,counterparty_id,asset_class,side,quantity,price,trade_date,status
TRD-20260101-0001,2,2,EQUITY,SELL,47,165.1724,2026-01-01,PENDING
TRD-20260101-0002,3,3,EQUITY,BUY,84,14.6124,2026-01-01,PENDING
TRD-20260101-0003,4,4,EQUITY,SELL,121,224.315,2026-01-01,PENDING
TRD-20260102-0004,5,5,EQUITY,BUY,158,416.2444,2026-01-02,PENDING
TRD-20260102-0005,6,6,EQUITY,SELL,195,171.171,2026-01-02,PENDING
TRD-20260102-0006,7,7,EQUITY,BUY,232,684.5792,2026-01-02,PENDING
TRD-20260103-0007,8,8,EQUITY,SELL,269,70.8225,2026-01-03,PENDING
TRD-20260103-0008,9,9,EQUITY,BUY,306,21.5136,2026-01-03,PENDING
TRD-20260103-0009,10,10,FIXED_INCOME,SELL,343,98.5525,2026-01-03,PENDING
TRD-20260104-0010,11,1,FIXED_INCOME,BUY,380,96.4,2026-01-04,PENDING
TRD-20260104-0011,12,2,FIXED_INCOME,SELL,417,97.2942,2026-01-04,PENDING
TRD-20260104-0012,13,3,FX,BUY,454,1.0885,2026-01-04,PENDING
TRD-20260105-0013,14,4,FX,SELL,491,150.2461,2026-01-05,PENDING
TRD-20260105-0014,15,5,FX,BUY,528,1.2736,2026-01-05,PENDING
TRD-20260105-0015,1,6,EQUITY,SELL,565,180.184,2026-01-05,PENDING
TRD-20260106-0016,2,7,EQUITY,BUY,602,170.2184,2026-01-06,PENDING
TRD-20260106-0017,3,8,EQUITY,SELL,639,15.0579,2026-01-06,PENDING
TRD-20260106-0018,4,9,EQUITY,BUY,676,231.14,2026-01-06,PENDING
TRD-20260107-0019,5,10,EQUITY,SELL,713,428.8834,2026-01-07,PENDING
TRD-20260107-0020,6,1,EQUITY,BUY,750,176.358,2026-01-07,PENDING
TRD-20260107-0021,7,2,EQUITY,SELL,787,676.298,2026-01-07,PENDING
TRD-20260108-0022,8,3,EQUITY,BUY,824,69.9675,2026-01-08,PENDING
TRD-20260108-0023,9,4,EQUITY,SELL,861,21.2544,2026-01-08,PENDING
TRD-20260108-0024,10,5,FIXED_INCOME,BUY,898,97.3675,2026-01-08,PENDING
TRD-20260109-0025,11,6,FIXED_INCOME,SELL,935,95.2432,2026-01-09,PENDING
TRD-20260109-0026,12,7,FIXED_INCOME,BUY,972,96.129,2026-01-09,PENDING
TRD-20260109-0027,13,8,FX,SELL,1009,1.0755,2026-01-09,PENDING
TRD-20260110-0028,14,9,FX,BUY,1046,148.4539,2026-01-10,PENDING
TRD-20260110-0029,15,10,FX,SELL,1083,1.2584,2026-01-10,PENDING
TRD-20260110-0030,1,1,EQUITY,BUY,1120,178.0432,2026-01-10,PENDING
TRD-20260111-0031,2,2,EQUITY,SELL,1157,168.2,2026-01-11,PENDING
TRD-20260111-0032,3,3,EQUITY,BUY,1194,14.8797,2026-01-11,PENDING
TRD-20260111-0033,4,4,EQUITY,SELL,1231,228.41,2026-01-11,PENDING
TRD-20260112-0034,5,5,EQUITY,BUY,1268,423.8278,2026-01-12,PENDING
TRD-20260112-0035,6,6,EQUITY,SELL,1305,174.2832,2026-01-12,PENDING
TRD-20260112-0036,7,7,EQUITY,BUY,1342,697.001,2026-01-12,PENDING
TRD-20260113-0037,8,8,EQUITY,SELL,1379,72.105,2026-01-13,PENDING
TRD-20260113-0038,9,9,EQUITY,BUY,1416,21.9024,2026-01-13,PENDING
TRD-20260113-0039,10,10,FIXED_INCOME,SELL,1453,100.33,2026-01-13,PENDING
TRD-20260114-0040,11,1,FIXED_INCOME,BUY,1490,98.1352,2026-01-14,PENDING
TRD-20260114-0041,12,2,FIXED_INCOME,SELL,1527,99.042,2026-01-14,PENDING
TRD-20260114-0042,13,3,FX,BUY,1564,1.0625,2026-01-14,PENDING
TRD-20260115-0043,14,4,FX,SELL,1601,146.6617,2026-01-15,PENDING
TRD-20260115-0044,15,5,FX,BUY,1638,1.2433,2026-01-15,PENDING
TRD-20260115-0045,1,6,EQUITY,SELL,1675,175.9024,2026-01-15,PENDING
TRD-20260116-0046,2,7,EQUITY,BUY,1712,166.1816,2026-01-16,PENDING
TRD-20260116-0047,3,8,EQUITY,SELL,1749,14.7015,2026-01-16,PENDING
TRD-20260116-0048,4,9,EQUITY,BUY,1786,225.68,2026-01-16,PENDING
TRD-20260117-0049,5,10,EQUITY,SELL,1823,418.7722,2026-01-17,PENDING
TRD-20260117-0050,6,1,EQUITY,BUY,1860,172.2084,2026-01-17,PENDING
TRD-20260117-0051,7,2,EQUITY,SELL,1897,688.7198,2026-01-17,PENDING
TRD-20260118-0052,8,3,EQUITY,BUY,1934,71.25,2026-01-18,PENDING
TRD-20260118-0053,9,4,EQUITY,SELL,1971,21.6432,2026-01-18,PENDING
TRD-20260118-0054,10,5,FIXED_INCOME,BUY,2008,99.145,2026-01-18,PENDING
TRD-20260119-0055,11,6,FIXED_INCOME,SELL,2045,96.9784,2026-01-19,PENDING
TRD-20260119-0056,12,7,FIXED_INCOME,BUY,2082,97.8768,2026-01-19,PENDING
TRD-20260119-0057,13,8,FX,SELL,2119,1.095,2026-01-19,PENDING
TRD-20260120-0058,14,9,FX,BUY,2156,151.1422,2026-01-20,PENDING
TRD-20260120-0059,15,10,FX,SELL,2193,1.2812,2026-01-20,PENDING
TRD-20260120-0060,1,1,EQUITY,BUY,2230,181.2544,2026-01-20,PENDING
TRD-20260121-0061,2,2,EQUITY,SELL,2267,171.2276,2026-01-21,PENDING
TRD-20260121-0062,3,3,EQUITY,BUY,2304,15.147,2026-01-21,PENDING
TRD-20260121-0063,4,4,EQUITY,SELL,2341,222.95,2026-01-21,PENDING
TRD-20260122-0064,5,5,EQUITY,BUY,2378,413.7166,2026-01-22,PENDING
TRD-20260122-0065,6,6,EQUITY,SELL,2415,170.1336,2026-01-22,PENDING
TRD-20260122-0066,7,7,EQUITY,BUY,2452,680.4386,2026-01-22,PENDING
TRD-20260123-0067,8,8,EQUITY,SELL,2489,70.395,2026-01-23,PENDING
TRD-20260123-0068,9,9,EQUITY,BUY,2526,21.384,2026-01-23,PENDING
TRD-20260123-0069,10,10,FIXED_INCOME,SELL,2563,97.96,2026-01-23,PENDING
TRD-20260124-0070,11,1,FIXED_INCOME,BUY,2600,95.8216,2026-01-24,PENDING
TRD-20260124-0071,12,2,FIXED_INCOME,SELL,2637,96.7116,2026-01-24,PENDING
TRD-20260124-0072,13,3,FX,BUY,2674,1.082,2026-01-24,PENDING
TRD-20260125-0073,14,4,FX,SELL,2711,149.35,2026-01-25,PENDING
TRD-20260125-0074,15,5,FX,BUY,2748,1.266,2026-01-25,PENDING
TRD-20260125-0075,1,6,EQUITY,SELL,2785,179.1136,2026-01-25,PENDING
TRD-20260126-0076,2,7,EQUITY,BUY,2822,169.2092,2026-01-26,PENDING
TRD-20260126-0077,3,8,EQUITY,SELL,2859,14.9688,2026-01-26,PENDING
TRD-20260126-0078,4,9,EQUITY,BUY,2896,229.775,2026-01-26,PENDING
TRD-20260127-0079,5,10,EQUITY,SELL,2933,426.3556,2026-01-27,PENDING
TRD-20260127-0080,6,1,EQUITY,BUY,2970,175.3206,2026-01-27,PENDING
TRD-20260127-0081,7,2,EQUITY,SELL,3007,701.1416,2026-01-27,PENDING
TRD-20260128-0082,8,3,EQUITY,BUY,3044,72.5325,2026-01-28,PENDING
TRD-20260128-0083,9,4,EQUITY,SELL,3081,22.032,2026-01-28,PENDING
TRD-20260128-0084,10,5,FIXED_INCOME,BUY,3118,96.775,2026-01-28,PENDING
TRD-20260129-0085,11,6,FIXED_INCOME,SELL,3155,94.6648,2026-01-29,PENDING
TRD-20260129-0086,12,7,FIXED_INCOME,BUY,3192,95.5464,2026-01-29,PENDING
TRD-20260129-0087,13,8,FX,SELL,3229,1.069,2026-01-29,PENDING
TRD-20260130-0088,14,9,FX,BUY,3266,147.5578,2026-01-30,PENDING
TRD-20260130-0089,15,10,FX,SELL,3303,1.2509,2026-01-30,PENDING
TRD-20260130-0090,1,1,EQUITY,BUY,3340,176.9728,2026-01-30,PENDING
TRD-20260131-0091,2,2,EQUITY,SELL,3377,167.1908,2026-01-31,PENDING
TRD-20260131-0092,3,3,EQUITY,BUY,3414,14.7906,2026-01-31,PENDING
TRD-20260131-0093,4,4,EQUITY,SELL,3451,227.045,2026-01-31,PENDING
TRD-20260201-0094,5,5,EQUITY,BUY,3488,421.3,2026-02-01,PENDING
TRD-20260201-0095,6,6,EQUITY,SELL,3525,173.2458,2026-02-01,PENDING
TRD-20260201-0096,7,7,EQUITY,BUY,3562,692.8604,2026-02-01,PENDING
TRD-20260202-0097,8,8,EQUITY,SELL,3599,71.6775,2026-02-02,PENDING
TRD-20260202-0098,9,9,EQUITY,BUY,3636,21.7728,2026-02-02,PENDING
TRD-20260202-0099,10,10,FIXED_INCOME,SELL,3673,99.7375,2026-02-02,PENDING
TRD-20260203-0100,11,1,FIXED_INCOME,BUY,3710,97.5568,2026-02-03,PENDING
TRD-20260203-0101,12,2,FIXED_INCOME,SELL,3747,98.4594,2026-02-03,PENDING
TRD-20260203-0102,13,3,FX,BUY,3784,1.1015,2026-02-03,PENDING
TRD-20260204-0103,14,4,FX,SELL,3821,152.0383,2026-02-04,PENDING
TRD-20260204-0104,15,5,FX,BUY,3858,1.2888,2026-02-04,PENDING
TRD-20260204-0105,1,6,EQUITY,SELL,3895,174.832,2026-02-04,PENDING
TRD-20260205-0106,2,7,EQUITY,BUY,3932,165.1724,2026-02-05,PENDING
TRD-20260205-0107,3,8,EQUITY,SELL,3969,14.6124,2026-02-05,PENDING
TRD-20260205-0108,4,9,EQUITY,BUY,4006,224.315,2026-02-05,PENDING
TRD-20260206-0109,5,10,EQUITY,SELL,4043,416.2444,2026-02-06,PENDING
TRD-20260206-0110,6,1,EQUITY,BUY,4080,171.171,2026-02-06,PENDING
TRD-20260206-0111,7,2,EQUITY,SELL,4117,684.5792,2026-02-06,PENDING
TRD-20260207-0112,8,3,EQUITY,BUY,4154,70.8225,2026-02-07,PENDING
TRD-20260207-0113,9,4,EQUITY,SELL,4191,21.5136,2026-02-07,PENDING
TRD-20260207-0114,10,5,FIXED_INCOME,BUY,4228,98.5525,2026-02-07,PENDING
TRD-20260208-0115,11,6,FIXED_INCOME,SELL,4265,96.4,2026-02-08,PENDING
TRD-20260208-0116,12,7,FIXED_INCOME,BUY,4302,97.2942,2026-02-08,PENDING
TRD-20260208-0117,13,8,FX,SELL,4339,1.0885,2026-02-08,PENDING
TRD-20260209-0118,14,9,FX,BUY,4376,150.2461,2026-02-09,PENDING
TRD-20260209-0119,15,10,FX,SELL,4413,1.2736,2026-02-09,PENDING
TRD-20260209-0120,1,1,EQUITY,BUY,4450,180.184,2026-02-09,PENDING
TRD-20260210-0121,2,2,EQUITY,SELL,4487,170.2184,2026-02-10,PENDING
TRD-20260210-0122,3,3,EQUITY,BUY,4524,15.0579,2026-02-10,PENDING
TRD-20260210-0123,4,4,EQUITY,SELL,4561,231.14,2026-02-10,PENDING
TRD-20260211-0124,5,5,EQUITY,BUY,4598,428.8834,2026-02-11,PENDING
TRD-20260211-0125,6,6,EQUITY,SELL,4635,176.358,2026-02-11,PENDING
TRD-20260211-0126,7,7,EQUITY,BUY,4672,676.298,2026-02-11,PENDING
TRD-20260212-0127,8,8,EQUITY,SELL,4709,69.9675,2026-02-12,PENDING
TRD-20260212-0128,9,9,EQUITY,BUY,4746,21.2544,2026-02-12,PENDING
TRD-20260212-0129,10,10,FIXED_INCOME,SELL,4783,97.3675,2026-02-12,PENDING
TRD-20260213-0130,11,1,FIXED_INCOME,BUY,4820,95.2432,2026-02-13,PENDING
TRD-20260213-0131,12,2,FIXED_INCOME,SELL,4857,96.129,2026-02-13,PENDING
TRD-20260213-0132,13,3,FX,BUY,4894,1.0755,2026-02-13,PENDING
TRD-20260214-0133,14,4,FX,SELL,4931,148.4539,2026-02-14,PENDING
TRD-20260214-0134,15,5,FX,BUY,4968,1.2584,2026-02-14,PENDING
TRD-20260214-0135,1,6,EQUITY,SELL,15,178.0432,2026-02-14,PENDING
TRD-20260215-0136,2,7,EQUITY,BUY,52,168.2,2026-02-15,PENDING
TRD-20260215-0137,3,8,EQUITY,SELL,89,14.8797,2026-02-15,PENDING
TRD-20260215-0138,4,9,EQUITY,BUY,126,228.41,2026-02-15,PENDING
TRD-20260216-0139,5,10,EQUITY,SELL,163,423.8278,2026-02-16,PENDING
TRD-20260216-0140,6,1,EQUITY,BUY,200,174.2832,2026-02-16,PENDING
TRD-20260216-0141,7,2,EQUITY,SELL,237,697.001,2026-02-16,PENDING
TRD-20260217-0142,8,3,EQUITY,BUY,274,72.105,2026-02-17,PENDING
TRD-20260217-0143,9,4,EQUITY,SELL,311,21.9024,2026-02-17,PENDING
TRD-20260217-0144,10,5,FIXED_INCOME,BUY,348,100.33,2026-02-17,PENDING
TRD-20260218-0145,11,6,FIXED_INCOME,SELL,385,98.1352,2026-02-18,PENDING
TRD-20260218-0146,12,7,FIXED_INCOME,BUY,422,99.042,2026-02-18,PENDING
TRD-20260218-0147,13,8,FX,SELL,459,1.0625,2026-02-18,PENDING
TRD-20260219-0148,14,9,FX,BUY,496,146.6617,2026-02-19,PENDING
TRD-20260219-0149,15,10,FX,SELL,533,1.2433,2026-02-19,PENDING
TRD-20260219-0150,1,1,EQUITY,BUY,570,175.9024,2026-02-19,PENDING
TRD-20260220-0151,2,2,EQUITY,SELL,607,166.1816,2026-02-20,PENDING
TRD-20260220-0152,3,3,EQUITY,BUY,644,14.7015,2026-02-20,PENDING
TRD-20260220-0153,4,4,EQUITY,SELL,681,225.68,2026-02-20,PENDING
TRD-20260221-0154,5,5,EQUITY,BUY,718,418.7722,2026-02-21,PENDING
TRD-20260221-0155,6,6,EQUITY,SELL,755,172.2084,2026-02-21,PENDING
TRD-20260221-0156,7,7,EQUITY,BUY,792,688.7198,2026-02-21,PENDING
TRD-20260222-0157,8,8,EQUITY,SELL,829,71.25,2026-02-22,PENDING
TRD-20260222-0158,9,9,EQUITY,BUY,866,21.6432,2026-02-22,PENDING
TRD-20260222-0159,10,10,FIXED_INCOME,SELL,903,99.145,2026-02-22,PENDING
TRD-20260223-0160,11,1,FIXED_INCOME,BUY,940,96.9784,2026-02-23,PENDING
TRD-20260223-0161,12,2,FIXED_INCOME,SELL,977,97.8768,2026-02-23,PENDING
TRD-20260223-0162,13,3,FX,BUY,1014,1.095,2026-02-23,PENDING
TRD-20260224-0163,14,4,FX,SELL,1051,151.1422,2026-02-24,PENDING
TRD-20260224-0164,15,5,FX,BUY,1088,1.2812,2026-02-24,PENDING
TRD-20260224-0165,1,6,EQUITY,SELL,1125,181.2544,2026-02-24,PENDING
TRD-20260225-0166,2,7,EQUITY,BUY,1162,171.2276,2026-02-25,PENDING
TRD-20260225-0167,3,8,EQUITY,SELL,1199,15.147,2026-02-25,PENDING
TRD-20260225-0168,4,9,EQUITY,BUY,1236,222.95,2026-02-25,PENDING
TRD-20260226-0169,5,10,EQUITY,SELL,1273,413.7166,2026-02-26,PENDING
TRD-20260226-0170,6,1,EQUITY,BUY,1310,170.1336,2026-02-26,PENDING
TRD-20260226-0171,7,2,EQUITY,SELL,1347,680.4386,2026-02-26,PENDING
TRD-20260227-0172,8,3,EQUITY,BUY,1384,70.395,2026-02-27,PENDING
TRD-20260227-0173,9,4,EQUITY,SELL,1421,21.384,2026-02-27,PENDING
TRD-20260227-0174,10,5,FIXED_INCOME,BUY,1458,97.96,2026-02-27,PENDING
TRD-20260228-0175,11,6,FIXED_INCOME,SELL,1495,95.8216,2026-02-28,PENDING
TRD-20260228-0176,12,7,FIXED_INCOME,BUY,1532,96.7116,2026-02-28,PENDING
TRD-20260228-0177,13,8,FX,SELL,1569,1.082,2026-02-28,PENDING
TRD-20260301-0178,14,9,FX,BUY,1606,149.35,2026-03-01,PENDING
TRD-20260301-0179,15,10,FX,SELL,1643,1.266,2026-03-01,PENDING
TRD-20260301-0180,1,1,EQUITY,BUY,1680,179.1136,2026-03-01,PENDING
TRD-20260302-0181,2,2,EQUITY,SELL,1717,169.2092,2026-03-02,PENDING
TRD-20260302-0182,3,3,EQUITY,BUY,1754,14.9688,2026-03-02,PENDING
TRD-20260302-0183,4,4,EQUITY,SELL,1791,229.775,2026-03-02,PENDING
TRD-20260303-0184,5,5,EQUITY,BUY,1828,426.3556,2026-03-03,PENDING
TRD-20260303-0185,6,6,EQUITY,SELL,1865,175.3206,2026-03-03,PENDING
TRD-20260303-0186,7,7,EQUITY,BUY,1902,701.1416,2026-03-03,PENDING
TRD-20260304-0187,8,8,EQUITY,SELL,1939,72.5325,2026-03-04,PENDING
TRD-20260304-0188,9,9,EQUITY,BUY,1976,22.032,2026-03-04,PENDING
TRD-20260304-0189,10,10,FIXED_INCOME,SELL,2013,96.775,2026-03-04,PENDING
TRD-20260305-0190,11,1,FIXED_INCOME,BUY,2050,94.6648,2026-03-05,PENDING
TRD-20260305-0191,12,2,FIXED_INCOME,SELL,2087,95.5464,2026-03-05,PENDING
TRD-20260305-0192,13,3,FX,BUY,2124,1.069,2026-03-05,PENDING
TRD-20260306-0193,14,4,FX,SELL,2161,147.5578,2026-03-06,PENDING
TRD-20260306-0194,15,5,FX,BUY,2198,1.2509,2026-03-06,PENDING
TRD-20260306-0195,1,6,EQUITY,SELL,2235,176.9728,2026-03-06,PENDING
TRD-20260307-0196,2,7,EQUITY,BUY,2272,167.1908,2026-03-07,PENDING
TRD-20260307-0197,3,8,EQUITY,SELL,2309,14.7906,2026-03-07,PENDING
TRD-20260307-0198,4,9,EQUITY,BUY,2346,227.045,2026-03-07,PENDING
TRD-20260308-0199,5,10,EQUITY,SELL,2383,421.3,2026-03-08,PENDING
TRD-20260308-0200,6,1,EQUITY,BUY,2420,173.2458,2026-03-08,PENDING
TRD-20260308-0201,7,2,EQUITY,SELL,2457,692.8604,2026-03-08,PENDING
TRD-20260309-0202,8,3,EQUITY,BUY,2494,71.6775,2026-03-09,PENDING
TRD-20260309-0203,9,4,EQUITY,SELL,2531,21.7728,2026-03-09,PENDING
TRD-20260309-0204,10,5,FIXED_INCOME,BUY,2568,99.7375,2026-03-09,PENDING
TRD-20260310-0205,11,6,FIXED_INCOME,SELL,2605,97.5568,2026-03-10,PENDING
TRD-20260310-0206,12,7,FIXED_INCOME,BUY,2642,98.4594,2026-03-10,PENDING
TRD-20260310-0207,13,8,FX,SELL,2679,1.1015,2026-03-10,PENDING
TRD-20260311-0208,14,9,FX,BUY,2716,152.0383,2026-03-11,PENDING
TRD-20260311-0209,15,10,FX,SELL,2753,1.2888,2026-03-11,PENDING
TRD-20260311-0210,1,1,EQUITY,BUY,2790,174.832,2026-03-11,PENDING
TRD-20260312-0211,2,2,EQUITY,SELL,2827,165.1724,2026-03-12,PENDING
TRD-20260312-0212,3,3,EQUITY,BUY,2864,14.6124,2026-03-12,PENDING
TRD-20260312-0213,4,4,EQUITY,SELL,2901,224.315,2026-03-12,PENDING
TRD-20260313-0214,5,5,EQUITY,BUY,2938,416.2444,2026-03-13,PENDING
TRD-20260313-0215,6,6,EQUITY,SELL,2975,171.171,2026-03-13,PENDING
TRD-20260313-0216,7,7,EQUITY,BUY,3012,684.5792,2026-03-13,PENDING
TRD-20260314-0217,8,8,EQUITY,SELL,3049,70.8225,2026-03-14,PENDING
TRD-20260314-0218,9,9,EQUITY,BUY,3086,21.5136,2026-03-14,PENDING
TRD-20260314-0219,10,10,FIXED_INCOME,SELL,3123,98.5525,2026-03-14,PENDING
TRD-20260315-0220,11,1,FIXED_INCOME,BUY,3160,96.4,2026-03-15,PENDING
TRD-20260315-0221,12,2,FIXED_INCOME,SELL,3197,97.2942,2026-03-15,PENDING
TRD-20260315-0222,13,3,FX,BUY,3234,1.0885,2026-03-15,PENDING
TRD-20260316-0223,14,4,FX,SELL,3271,150.2461,2026-03-16,PENDING
TRD-20260316-0224,15,5,FX,BUY,3308,1.2736,2026-03-16,PENDING
TRD-20260316-0225,1,6,EQUITY,SELL,3345,180.184,2026-03-16,PENDING
TRD-20260317-0226,2,7,EQUITY,BUY,3382,170.2184,2026-03-17,PENDING
TRD-20260317-0227,3,8,EQUITY,SELL,3419,15.0579,2026-03-17,PENDING
TRD-20260317-0228,4,9,EQUITY,BUY,3456,231.14,2026-03-17,PENDING
TRD-20260318-0229,5,10,EQUITY,SELL,3493,428.8834,2026-03-18,PENDING
TRD-20260318-0230,6,1,EQUITY,BUY,3530,176.358,2026-03-18,PENDING
TRD-20260318-0231,7,2,EQUITY,SELL,3567,676.298,2026-03-18,PENDING
TRD-20260319-0232,8,3,EQUITY,BUY,3604,69.9675,2026-03-19,PENDING
TRD-20260319-0233,9,4,EQUITY,SELL,3641,21.2544,2026-03-19,PENDING
TRD-20260319-0234,10,5,FIXED_INCOME,BUY,3678,97.3675,2026-03-19,PENDING
TRD-20260320-0235,11,6,FIXED_INCOME,SELL,3715,95.2432,2026-03-20,PENDING
TRD-20260320-0236,12,7,FIXED_INCOME,BUY,3752,96.129,2026-03-20,PENDING
TRD-20260320-0237,13,8,FX,SELL,3789,1.0755,2026-03-20,PENDING
TRD-20260321-0238,14,9,FX,BUY,3826,148.4539,2026-03-21,PENDING
TRD-20260321-0239,15,10,FX,SELL,3863,1.2584,2026-03-21,PENDING
TRD-20260321-0240,1,1,EQUITY,BUY,3900,178.0432,2026-03-21,PENDING
TRD-20260322-0241,2,2,EQUITY,SELL,3937,168.2,2026-03-22,PENDING
TRD-20260322-0242,3,3,EQUITY,BUY,3974,14.8797,2026-03-22,PENDING
TRD-20260322-0243,4,4,EQUITY,SELL,4011,228.41,2026-03-22,PENDING
TRD-20260323-0244,5,5,EQUITY,BUY,4048,423.8278,2026-03-23,PENDING
TRD-20260323-0245,6,6,EQUITY,SELL,4085,174.2832,2026-03-23,PENDING
TRD-20260323-0246,7,7,EQUITY,BUY,4122,697.001,2026-03-23,PENDING
TRD-20260324-0247,8,8,EQUITY,SELL,4159,72.105,2026-03-24,PENDING
TRD-20260324-0248,9,9,EQUITY,BUY,4196,21.9024,2026-03-24,PENDING
TRD-20260324-0249,10,10,FIXED_INCOME,SELL,4233,100.33,2026-03-24,PENDING
TRD-20260325-0250,11,1,FIXED_INCOME,BUY,4270,98.1352,2026-03-25,PENDING
TRD-20260325-0251,12,2,FIXED_INCOME,SELL,4307,99.042,2026-03-25,PENDING
TRD-20260325-0252,13,3,FX,BUY,4344,1.0625,2026-03-25,PENDING
TRD-20260326-0253,14,4,FX,SELL,4381,146.6617,2026-03-26,PENDING
TRD-20260326-0254,15,5,FX,BUY,4418,1.2433,2026-03-26,PENDING
TRD-20260326-0255,1,6,EQUITY,SELL,4455,175.9024,2026-03-26,PENDING
TRD-20260327-0256,2,7,EQUITY,BUY,4492,166.1816,2026-03-27,PENDING
TRD-20260327-0257,3,8,EQUITY,SELL,4529,14.7015,2026-03-27,PENDING
TRD-20260327-0258,4,9,EQUITY,BUY,4566,225.68,2026-03-27,PENDING
TRD-20260328-0259,5,10,EQUITY,SELL,4603,418.7722,2026-03-28,PENDING
TRD-20260328-0260,6,1,EQUITY,BUY,4640,172.2084,2026-03-28,PENDING
TRD-20260328-0261,7,2,EQUITY,SELL,4677,688.7198,2026-03-28,PENDING
TRD-20260329-0262,8,3,EQUITY,BUY,4714,71.25,2026-03-29,PENDING
TRD-20260329-0263,9,4,EQUITY,SELL,4751,21.6432,2026-03-29,PENDING
TRD-20260329-0264,10,5,FIXED_INCOME,BUY,4788,99.145,2026-03-29,PENDING
TRD-20260330-0265,11,6,FIXED_INCOME,SELL,4825,96.9784,2026-03-30,PENDING
TRD-20260330-0266,12,7,FIXED_INCOME,BUY,4862,97.8768,2026-03-30,PENDING
TRD-20260330-0267,13,8,FX,SELL,4899,1.095,2026-03-30,PENDING
TRD-20260331-0268,14,9,FX,BUY,4936,151.1422,2026-03-31,PENDING
TRD-20260331-0269,15,10,FX,SELL,4973,1.2812,2026-03-31,PENDING
TRD-20260331-0270,1,1,EQUITY,BUY,20,181.2544,2026-03-31,PENDING
TRD-20260401-0271,2,2,EQUITY,SELL,57,171.2276,2026-04-01,PENDING
TRD-20260401-0272,3,3,EQUITY,BUY,94,15.147,2026-04-01,PENDING
TRD-20260401-0273,4,4,EQUITY,SELL,131,222.95,2026-04-01,PENDING
TRD-20260402-0274,5,5,EQUITY,BUY,168,413.7166,2026-04-02,PENDING
TRD-20260402-0275,6,6,EQUITY,SELL,205,170.1336,2026-04-02,PENDING
TRD-20260402-0276,7,7,EQUITY,BUY,242,680.4386,2026-04-02,PENDING
TRD-20260403-0277,8,8,EQUITY,SELL,279,70.395,2026-04-03,PENDING
TRD-20260403-0278,9,9,EQUITY,BUY,316,21.384,2026-04-03,PENDING
TRD-20260403-0279,10,10,FIXED_INCOME,SELL,353,97.96,2026-04-03,PENDING
TRD-20260404-0280,11,1,FIXED_INCOME,BUY,390,95.8216,2026-04-04,PENDING
TRD-20260404-0281,12,2,FIXED_INCOME,SELL,427,96.7116,2026-04-04,PENDING
TRD-20260404-0282,13,3,FX,BUY,464,1.082,2026-04-04,PENDING
TRD-20260405-0283,14,4,FX,SELL,501,149.35,2026-04-05,PENDING
TRD-20260405-0284,15,5,FX,BUY,538,1.266,2026-04-05,PENDING
TRD-20260405-0285,1,6,EQUITY,SELL,575,179.1136,2026-04-05,PENDING
TRD-20260406-0286,2,7,EQUITY,BUY,612,169.2092,2026-04-06,PENDING
TRD-20260406-0287,3,8,EQUITY,SELL,649,14.9688,2026-04-06,PENDING
TRD-20260406-0288,4,9,EQUITY,BUY,686,229.775,2026-04-06,PENDING
TRD-20260407-0289,5,10,EQUITY,SELL,723,426.3556,2026-04-07,PENDING
TRD-20260407-0290,6,1,EQUITY,BUY,760,175.3206,2026-04-07,PENDING
TRD-20260407-0291,7,2,EQUITY,SELL,797,701.1416,2026-04-07,PENDING
TRD-20260408-0292,8,3,EQUITY,BUY,834,72.5325,2026-04-08,PENDING
TRD-20260408-0293,9,4,EQUITY,SELL,871,22.032,2026-04-08,PENDING
TRD-20260408-0294,10,5,FIXED_INCOME,BUY,908,96.775,2026-04-08,PENDING
TRD-20260409-0295,11,6,FIXED_INCOME,SELL,945,94.6648,2026-04-09,PENDING
TRD-20260409-0296,12,7,FIXED_INCOME,BUY,982,95.5464,2026-04-09,PENDING
TRD-20260409-0297,13,8,FX,SELL,1019,1.069,2026-04-09,PENDING
TRD-20260410-0298,14,9,FX,BUY,1056,147.5578,2026-04-10,PENDING
TRD-20260410-0299,15,10,FX,SELL,1093,1.2509,2026-04-10,PENDING
TRD-20260410-0300,1,1,EQUITY,BUY,1130,176.9728,2026-04-10,PENDING
TRD-20260411-0301,2,2,EQUITY,SELL,1167,167.1908,2026-04-11,PENDING
TRD-20260411-0302,3,3,EQUITY,BUY,1204,14.7906,2026-04-11,PENDING
TRD-20260411-0303,4,4,EQUITY,SELL,1241,227.045,2026-04-11,PENDING
TRD-20260412-0304,5,5,EQUITY,BUY,1278,421.3,2026-04-12,PENDING
TRD-20260412-0305,6,6,EQUITY,SELL,1315,173.2458,2026-04-12,PENDING
TRD-20260412-0306,7,7,EQUITY,BUY,1352,692.8604,2026-04-12,PENDING
TRD-20260413-0307,8,8,EQUITY,SELL,1389,71.6775,2026-04-13,PENDING
TRD-20260413-0308,9,9,EQUITY,BUY,1426,21.7728,2026-04-13,PENDING
TRD-20260413-0309,10,10,FIXED_INCOME,SELL,1463,99.7375,2026-04-13,PENDING
TRD-20260414-0310,11,1,FIXED_INCOME,BUY,1500,97.5568,2026-04-14,PENDING
TRD-20260414-0311,12,2,FIXED_INCOME,SELL,1537,98.4594,2026-04-14,PENDING
TRD-20260414-0312,13,3,FX,BUY,1574,1.1015,2026-04-14,PENDING
TRD-20260415-0313,14,4,FX,SELL,1611,152.0383,2026-04-15,PENDING
TRD-20260415-0314,15,5,FX,BUY,1648,1.2888,2026-04-15,PENDING
TRD-20260415-0315,1,6,EQUITY,SELL,1685,174.832,2026-04-15,PENDING
TRD-20260416-0316,2,7,EQUITY,BUY,1722,165.1724,2026-04-16,PENDING
TRD-20260416-0317,3,8,EQUITY,SELL,1759,14.6124,2026-04-16,PENDING
TRD-20260416-0318,4,9,EQUITY,BUY,1796,224.315,2026-04-16,PENDING
TRD-20260417-0319,5,10,EQUITY,SELL,1833,416.2444,2026-04-17,PENDING
TRD-20260417-0320,6,1,EQUITY,BUY,1870,171.171,2026-04-17,PENDING
TRD-20260417-0321,7,2,EQUITY,SELL,1907,684.5792,2026-04-17,PENDING
TRD-20260418-0322,8,3,EQUITY,BUY,1944,70.8225,2026-04-18,PENDING
TRD-20260418-0323,9,4,EQUITY,SELL,1981,21.5136,2026-04-18,PENDING
TRD-20260418-0324,10,5,FIXED_INCOME,BUY,2018,98.5525,2026-04-18,PENDING
TRD-20260419-0325,11,6,FIXED_INCOME,SELL,2055,96.4,2026-04-19,PENDING
TRD-20260419-0326,12,7,FIXED_INCOME,BUY,2092,97.2942,2026-04-19,PENDING
TRD-20260419-0327,13,8,FX,SELL,2129,1.0885,2026-04-19,PENDING
TRD-20260420-0328,14,9,FX,BUY,2166,150.2461,2026-04-20,PENDING
TRD-20260420-0329,15,10,FX,SELL,2203,1.2736,2026-04-20,PENDING
TRD-20260420-0330,1,1,EQUITY,BUY,2240,180.184,2026-04-20,PENDING
TRD-20260421-0331,2,2,EQUITY,SELL,2277,170.2184,2026-04-21,PENDING
TRD-20260421-0332,3,3,EQUITY,BUY,2314,15.0579,2026-04-21,PENDING
TRD-20260421-0333,4,4,EQUITY,SELL,2351,231.14,2026-04-21,PENDING
TRD-20260422-0334,5,5,EQUITY,BUY,2388,428.8834,2026-04-22,PENDING
TRD-20260422-0335,6,6,EQUITY,SELL,2425,176.358,2026-04-22,PENDING
TRD-20260422-0336,7,7,EQUITY,BUY,2462,676.298,2026-04-22,PENDING
TRD-20260423-0337,8,8,EQUITY,SELL,2499,69.9675,2026-04-23,PENDING
TRD-20260423-0338,9,9,EQUITY,BUY,2536,21.2544,2026-04-23,PENDING
TRD-20260423-0339,10,10,FIXED_INCOME,SELL,2573,97.3675,2026-04-23,PENDING
TRD-20260424-0340,11,1,FIXED_INCOME,BUY,2610,95.2432,2026-04-24,PENDING
TRD-20260424-0341,12,2,FIXED_INCOME,SELL,2647,96.129,2026-04-24,PENDING
TRD-20260424-0342,13,3,FX,BUY,2684,1.0755,2026-04-24,PENDING
TRD-20260425-0343,14,4,FX,SELL,2721,148.4539,2026-04-25,PENDING
TRD-20260425-0344,15,5,FX,BUY,2758,1.2584,2026-04-25,PENDING
TRD-20260425-0345,1,6,EQUITY,SELL,2795,178.0432,2026-04-25,PENDING
TRD-20260426-0346,2,7,EQUITY,BUY,2832,168.2,2026-04-26,PENDING
TRD-20260426-0347,3,8,EQUITY,SELL,2869,14.8797,2026-04-26,PENDING
TRD-20260426-0348,4,9,EQUITY,BUY,2906,228.41,2026-04-26,PENDING
TRD-20260427-0349,5,10,EQUITY,SELL,2943,423.8278,2026-04-27,PENDING
TRD-20260427-0350,6,1,EQUITY,BUY,2980,174.2832,2026-04-27,PENDING
TRD-20260427-0351,7,2,EQUITY,SELL,3017,697.001,2026-04-27,PENDING
TRD-20260428-0352,8,3,EQUITY,BUY,3054,72.105,2026-04-28,PENDING
TRD-20260428-0353,9,4,EQUITY,SELL,3091,21.9024,2026-04-28,PENDING
TRD-20260428-0354,10,5,FIXED_INCOME,BUY,3128,100.33,2026-04-28,PENDING
TRD-20260429-0355,11,6,FIXED_INCOME,SELL,3165,98.1352,2026-04-29,PENDING
TRD-20260429-0356,12,7,FIXED_INCOME,BUY,3202,99.042,2026-04-29,PENDING
TRD-20260429-0357,13,8,FX,SELL,3239,1.0625,2026-04-29,PENDING
TRD-20260430-0358,14,9,FX,BUY,3276,146.6617,2026-04-30,PENDING
TRD-20260430-0359,15,10,FX,SELL,3313,1.2433,2026-04-30,PENDING
TRD-20260430-0360,1,1,EQUITY,BUY,3350,175.9024,2026-04-30,PENDING
TRD-20260501-0361,2,2,EQUITY,SELL,3387,166.1816,2026-05-01,PENDING
TRD-20260501-0362,3,3,EQUITY,BUY,3424,14.7015,2026-05-01,PENDING
TRD-20260501-0363,4,4,EQUITY,SELL,3461,225.68,2026-05-01,PENDING
TRD-20260502-0364,5,5,EQUITY,BUY,3498,418.7722,2026-05-02,PENDING
TRD-20260502-0365,6,6,EQUITY,SELL,3535,172.2084,2026-05-02,PENDING
TRD-20260502-0366,7,7,EQUITY,BUY,3572,688.7198,2026-05-02,PENDING
TRD-20260503-0367,8,8,EQUITY,SELL,3609,71.25,2026-05-03,PENDING
TRD-20260503-0368,9,9,EQUITY,BUY,3646,21.6432,2026-05-03,PENDING
TRD-20260503-0369,10,10,FIXED_INCOME,SELL,3683,99.145,2026-05-03,PENDING
TRD-20260504-0370,11,1,FIXED_INCOME,BUY,3720,96.9784,2026-05-04,PENDING
TRD-20260504-0371,12,2,FIXED_INCOME,SELL,3757,97.8768,2026-05-04,PENDING
TRD-20260504-0372,13,3,FX,BUY,3794,1.095,2026-05-04,PENDING
TRD-20260505-0373,14,4,FX,SELL,3831,151.1422,2026-05-05,PENDING
TRD-20260505-0374,15,5,FX,BUY,3868,1.2812,2026-05-05,PENDING
TRD-20260505-0375,1,6,EQUITY,SELL,3905,181.2544,2026-05-05,PENDING
TRD-20260506-0376,2,7,EQUITY,BUY,3942,171.2276,2026-05-06,PENDING
TRD-20260506-0377,3,8,EQUITY,SELL,3979,15.147,2026-05-06,PENDING
TRD-20260506-0378,4,9,EQUITY,BUY,4016,222.95,2026-05-06,PENDING
TRD-20260507-0379,5,10,EQUITY,SELL,4053,413.7166,2026-05-07,PENDING
TRD-20260507-0380,6,1,EQUITY,BUY,4090,170.1336,2026-05-07,PENDING
TRD-20260507-0381,7,2,EQUITY,SELL,4127,680.4386,2026-05-07,PENDING
TRD-20260508-0382,8,3,EQUITY,BUY,4164,70.395,2026-05-08,PENDING
TRD-20260508-0383,9,4,EQUITY,SELL,4201,21.384,2026-05-08,PENDING
TRD-20260508-0384,10,5,FIXED_INCOME,BUY,4238,97.96,2026-05-08,PENDING
TRD-20260509-0385,11,6,FIXED_INCOME,SELL,4275,95.8216,2026-05-09,PENDING
TRD-20260509-0386,12,7,FIXED_INCOME,BUY,4312,96.7116,2026-05-09,PENDING
TRD-20260509-0387,13,8,FX,SELL,4349,1.082,2026-05-09,PENDING
TRD-20260510-0388,14,9,FX,BUY,4386,149.35,2026-05-10,PENDING
TRD-20260510-0389,15,10,FX,SELL,4423,1.266,2026-05-10,PENDING
TRD-20260510-0390,1,1,EQUITY,BUY,4460,179.1136,2026-05-10,PENDING
TRD-20260511-0391,2,2,EQUITY,SELL,4497,169.2092,2026-05-11,PENDING
TRD-20260511-0392,3,3,EQUITY,BUY,4534,14.9688,2026-05-11,PENDING
TRD-20260511-0393,4,4,EQUITY,SELL,4571,229.775,2026-05-11,PENDING
TRD-20260512-0394,5,5,EQUITY,BUY,4608,426.3556,2026-05-12,PENDING
TRD-20260512-0395,6,6,EQUITY,SELL,4645,175.3206,2026-05-12,PENDING
TRD-20260512-0396,7,7,EQUITY,BUY,4682,701.1416,2026-05-12,PENDING
TRD-20260513-0397,8,8,EQUITY,SELL,4719,72.5325,2026-05-13,PENDING
TRD-20260513-0398,9,9,EQUITY,BUY,4756,22.032,2026-05-13,PENDING
TRD-20260513-0399,10,10,FIXED_INCOME,SELL,4793,96.775,2026-05-13,PENDING
TRD-20260514-0400,11,1,FIXED_INCOME,BUY,4830,94.6648,2026-05-14,PENDING
TRD-20260514-0401,12,2,FIXED_INCOME,SELL,4867,95.5464,2026-05-14,PENDING
TRD-20260514-0402,13,3,FX,BUY,4904,1.069,2026-05-14,PENDING
TRD-20260515-0403,14,4,FX,SELL,4941,147.5578,2026-05-15,PENDING
TRD-20260515-0404,15,5,FX,BUY,4978,1.2509,2026-05-15,PENDING
TRD-20260515-0405,1,6,EQUITY,SELL,25,176.9728,2026-05-15,PENDING
TRD-20260516-0406,2,7,EQUITY,BUY,62,167.1908,2026-05-16,PENDING
TRD-20260516-0407,3,8,EQUITY,SELL,99,14.7906,2026-05-16,PENDING
TRD-20260516-0408,4,9,EQUITY,BUY,136,227.045,2026-05-16,PENDING
TRD-20260517-0409,5,10,EQUITY,SELL,173,421.3,2026-05-17,PENDING
TRD-20260517-0410,6,1,EQUITY,BUY,210,173.2458,2026-05-17,PENDING
TRD-20260517-0411,7,2,EQUITY,SELL,247,692.8604,2026-05-17,PENDING
TRD-20260518-0412,8,3,EQUITY,BUY,284,71.6775,2026-05-18,PENDING
TRD-20260518-0413,9,4,EQUITY,SELL,321,21.7728,2026-05-18,PENDING
TRD-20260518-0414,10,5,FIXED_INCOME,BUY,358,99.7375,2026-05-18,PENDING
TRD-20260519-0415,11,6,FIXED_INCOME,SELL,395,97.5568,2026-05-19,PENDING
TRD-20260519-0416,12,7,FIXED_INCOME,BUY,432,98.4594,2026-05-19,PENDING
TRD-20260519-0417,13,8,FX,SELL,469,1.1015,2026-05-19,PENDING
TRD-20260520-0418,14,9,FX,BUY,506,152.0383,2026-05-20,PENDING
TRD-20260520-0419,15,10,FX,SELL,543,1.2888,2026-05-20,PENDING
TRD-20260520-0420,1,1,EQUITY,BUY,580,174.832,2026-05-20,PENDING
TRD-20260521-0421,2,2,EQUITY,SELL,617,165.1724,2026-05-21,PENDING
TRD-20260521-0422,3,3,EQUITY,BUY,654,14.6124,2026-05-21,PENDING
TRD-20260521-0423,4,4,EQUITY,SELL,691,224.315,2026-05-21,PENDING
TRD-20260522-0424,5,5,EQUITY,BUY,728,416.2444,2026-05-22,PENDING
TRD-20260522-0425,6,6,EQUITY,SELL,765,171.171,2026-05-22,PENDING
TRD-20260522-0426,7,7,EQUITY,BUY,802,684.5792,2026-05-22,PENDING
TRD-20260523-0427,8,8,EQUITY,SELL,839,70.8225,2026-05-23,PENDING
TRD-20260523-0428,9,9,EQUITY,BUY,876,21.5136,2026-05-23,PENDING
TRD-20260523-0429,10,10,FIXED_INCOME,SELL,913,98.5525,2026-05-23,PENDING
TRD-20260524-0430,11,1,FIXED_INCOME,BUY,950,96.4,2026-05-24,PENDING
TRD-20260524-0431,12,2,FIXED_INCOME,SELL,987,97.2942,2026-05-24,PENDING
TRD-20260524-0432,13,3,FX,BUY,1024,1.0885,2026-05-24,PENDING
TRD-20260525-0433,14,4,FX,SELL,1061,150.2461,2026-05-25,PENDING
TRD-20260525-0434,15,5,FX,BUY,1098,1.2736,2026-05-25,PENDING
TRD-20260525-0435,1,6,EQUITY,SELL,1135,180.184,2026-05-25,PENDING
TRD-20260526-0436,2,7,EQUITY,BUY,1172,170.2184,2026-05-26,PENDING
TRD-20260526-0437,3,8,EQUITY,SELL,1209,15.0579,2026-05-26,PENDING
TRD-20260526-0438,4,9,EQUITY,BUY,1246,231.14,2026-05-26,PENDING
TRD-20260527-0439,5,10,EQUITY,SELL,1283,428.8834,2026-05-27,PENDING
TRD-20260527-0440,6,1,EQUITY,BUY,1320,176.358,2026-05-27,PENDING
TRD-20260527-0441,7,2,EQUITY,SELL,1357,676.298,2026-05-27,PENDING
TRD-20260528-0442,8,3,EQUITY,BUY,1394,69.9675,2026-05-28,PENDING
TRD-20260528-0443,9,4,EQUITY,SELL,1431,21.2544,2026-05-28,PENDING
TRD-20260528-0444,10,5,FIXED_INCOME,BUY,1468,97.3675,2026-05-28,PENDING
TRD-20260529-0445,11,6,FIXED_INCOME,SELL,1505,95.2432,2026-05-29,PENDING
TRD-20260529-0446,12,7,FIXED_INCOME,BUY,1542,96.129,2026-05-29,PENDING
TRD-20260529-0447,13,8,FX,SELL,1579,1.0755,2026-05-29,PENDING
TRD-20260530-0448,14,9,FX,BUY,1616,148.4539,2026-05-30,PENDING
TRD-20260530-0449,15,10,FX,SELL,1653,1.2584,2026-05-30,PENDING
TRD-20260530-0450,1,1,EQUITY,BUY,1690,178.0432,2026-05-30,PENDING
TRD-20260531-0451,2,2,EQUITY,SELL,1727,168.2,2026-05-31,PENDING
TRD-20260531-0452,3,3,EQUITY,BUY,1764,14.8797,2026-05-31,PENDING
TRD-20260531-0453,4,4,EQUITY,SELL,1801,228.41,2026-05-31,PENDING
TRD-20260601-0454,5,5,EQUITY,BUY,1838,423.8278,2026-06-01,PENDING
TRD-20260601-0455,6,6,EQUITY,SELL,1875,174.2832,2026-06-01,PENDING
TRD-20260601-0456,7,7,EQUITY,BUY,1912,697.001,2026-06-01,PENDING
TRD-20260602-0457,8,8,EQUITY,SELL,1949,72.105,2026-06-02,PENDING
TRD-20260602-0458,9,9,EQUITY,BUY,1986,21.9024,2026-06-02,PENDING
TRD-20260602-0459,10,10,FIXED_INCOME,SELL,2023,100.33,2026-06-02,PENDING
TRD-20260603-0460,11,1,FIXED_INCOME,BUY,2060,98.1352,2026-06-03,PENDING
TRD-20260603-0461,12,2,FIXED_INCOME,SELL,2097,99.042,2026-06-03,PENDING
TRD-20260603-0462,13,3,FX,BUY,2134,1.0625,2026-06-03,PENDING
TRD-20260604-0463,14,4,FX,SELL,2171,146.6617,2026-06-04,PENDING
TRD-20260604-0464,15,5,FX,BUY,2208,1.2433,2026-06-04,PENDING
TRD-20260604-0465,1,6,EQUITY,SELL,2245,175.9024,2026-06-04,PENDING
TRD-20260605-0466,2,7,EQUITY,BUY,2282,166.1816,2026-06-05,PENDING
TRD-20260605-0467,3,8,EQUITY,SELL,2319,14.7015,2026-06-05,PENDING
TRD-20260605-0468,4,9,EQUITY,BUY,2356,225.68,2026-06-05,PENDING
TRD-20260606-0469,5,10,EQUITY,SELL,2393,418.7722,2026-06-06,PENDING
TRD-20260606-0470,6,1,EQUITY,BUY,2430,172.2084,2026-06-06,PENDING
TRD-20260606-0471,7,2,EQUITY,SELL,2467,688.7198,2026-06-06,PENDING
TRD-20260607-0472,8,3,EQUITY,BUY,2504,71.25,2026-06-07,PENDING
TRD-20260607-0473,9,4,EQUITY,SELL,2541,21.6432,2026-06-07,PENDING
TRD-20260607-0474,10,5,FIXED_INCOME,BUY,2578,99.145,2026-06-07,PENDING
TRD-20260608-0475,11,6,FIXED_INCOME,SELL,2615,96.9784,2026-06-08,PENDING
TRD-20260608-0476,12,7,FIXED_INCOME,BUY,2652,97.8768,2026-06-08,PENDING
TRD-20260608-0477,13,8,FX,SELL,2689,1.095,2026-06-08,PENDING
TRD-20260609-0478,14,9,FX,BUY,2726,151.1422,2026-06-09,PENDING
TRD-20260609-0479,15,10,FX,SELL,2763,1.2812,2026-06-09,PENDING
TRD-20260609-0480,1,1,EQUITY,BUY,2800,181.2544,2026-06-09,PENDING
TRD-20260610-0481,2,2,EQUITY,SELL,2837,171.2276,2026-06-10,PENDING
TRD-20260610-0482,3,3,EQUITY,BUY,2874,15.147,2026-06-10,PENDING
TRD-20260610-0483,4,4,EQUITY,SELL,2911,222.95,2026-06-10,PENDING
TRD-20260611-0484,5,5,EQUITY,BUY,2948,413.7166,2026-06-11,PENDING
TRD-20260611-0485,6,6,EQUITY,SELL,2985,170.1336,2026-06-11,PENDING
TRD-20260611-0486,7,7,EQUITY,BUY,3022,680.4386,2026-06-11,PENDING
TRD-20260612-0487,8,8,EQUITY,SELL,3059,70.395,2026-06-12,PENDING
TRD-20260612-0488,9,9,EQUITY,BUY,3096,21.384,2026-06-12,PENDING
TRD-20260612-0489,10,10,FIXED_INCOME,SELL,3133,97.96,2026-06-12,PENDING
TRD-20260613-0490,11,1,FIXED_INCOME,BUY,3170,95.8216,2026-06-13,PENDING
TRD-20260613-0491,12,2,FIXED_INCOME,SELL,3207,96.7116,2026-06-13,PENDING
TRD-20260613-0492,13,3,FX,BUY,3244,1.082,2026-06-13,PENDING
TRD-20260614-0493,14,4,FX,SELL,3281,149.35,2026-06-14,PENDING
TRD-20260614-0494,15,5,FX,BUY,3318,1.266,2026-06-14,PENDING
TRD-20260614-0495,1,6,EQUITY,SELL,3355,179.1136,2026-06-14,PENDING
TRD-20260615-0496,2,7,EQUITY,BUY,3392,169.2092,2026-06-15,PENDING
TRD-20260615-0497,3,8,EQUITY,SELL,3429,14.9688,2026-06-15,PENDING
TRD-20260615-0498,4,9,EQUITY,BUY,3466,229.775,2026-06-15,PENDING
TRD-20260616-0499,5,10,EQUITY,SELL,3503,426.3556,2026-06-16,PENDING
TRD-20260616-0500,6,1,EQUITY,BUY,3540,175.3206,2026-06-16,PENDING
